-- MySQL dump 10.13  Distrib 5.7.17, for Win64 (x86_64)
--
-- Host: 127.0.0.1    Database: air_company
-- ------------------------------------------------------
-- Server version	5.7.21-log

/*!40101 SET @OLD_CHARACTER_SET_CLIENT=@@CHARACTER_SET_CLIENT */;
/*!40101 SET @OLD_CHARACTER_SET_RESULTS=@@CHARACTER_SET_RESULTS */;
/*!40101 SET @OLD_COLLATION_CONNECTION=@@COLLATION_CONNECTION */;
/*!40101 SET NAMES utf8 */;
/*!40103 SET @OLD_TIME_ZONE=@@TIME_ZONE */;
/*!40103 SET TIME_ZONE='+00:00' */;
/*!40014 SET @OLD_UNIQUE_CHECKS=@@UNIQUE_CHECKS, UNIQUE_CHECKS=0 */;
/*!40014 SET @OLD_FOREIGN_KEY_CHECKS=@@FOREIGN_KEY_CHECKS, FOREIGN_KEY_CHECKS=0 */;
/*!40101 SET @OLD_SQL_MODE=@@SQL_MODE, SQL_MODE='NO_AUTO_VALUE_ON_ZERO' */;
/*!40111 SET @OLD_SQL_NOTES=@@SQL_NOTES, SQL_NOTES=0 */;

--
-- Table structure for table `aviocompany`
--

DROP TABLE IF EXISTS `aviocompany`;
/*!40101 SET @saved_cs_client     = @@character_set_client */;
/*!40101 SET character_set_client = utf8 */;
CREATE TABLE `aviocompany` (
  `avioid` bigint(20) NOT NULL AUTO_INCREMENT,
  `address` varchar(255) NOT NULL,
  `name` varchar(255) NOT NULL,
  `promo` varchar(255) DEFAULT NULL,
  `admin` bigint(20) DEFAULT NULL,
  `averagerate` float DEFAULT NULL,
  PRIMARY KEY (`avioid`),
  KEY `FKl7pnuvhe17el9jkns9ub83sta` (`admin`)
) ENGINE=MyISAM AUTO_INCREMENT=7 DEFAULT CHARSET=utf8;
/*!40101 SET character_set_client = @saved_cs_client */;

--
-- Dumping data for table `aviocompany`
--

LOCK TABLES `aviocompany` WRITE;
/*!40000 ALTER TABLE `aviocompany` DISABLE KEYS */;
INSERT INTO `aviocompany` VALUES (1,'Kaiser Strasse, Zurich','Swiss Airlines','Comfort and ease.',2,3),(2,'Ulica, Beograd','AirSerbia','Jeftino, a kvalitetno.',3,0),(3,'Some Address','Turkish Airlines','Some Promo',8,0),(4,'Cenejska nn','Air Cenej','Prvi aeorodrom Vojvodine.',11,5),(5,'Zenica, Boracka BB','AirZenica','Quantity over quality',2,0),(6,'Pod Goricom BB','TGD','Podgorica Airport',2,0);
/*!40000 ALTER TABLE `aviocompany` ENABLE KEYS */;
UNLOCK TABLES;

--
-- Table structure for table `destination`
--

DROP TABLE IF EXISTS `destination`;
/*!40101 SET @saved_cs_client     = @@character_set_client */;
/*!40101 SET character_set_client = utf8 */;
CREATE TABLE `destination` (
  `destid` bigint(20) NOT NULL AUTO_INCREMENT,
  `name` varchar(255) DEFAULT NULL,
  `deleted` bit(1) DEFAULT NULL,
  PRIMARY KEY (`destid`)
) ENGINE=MyISAM AUTO_INCREMENT=24 DEFAULT CHARSET=utf8;
/*!40101 SET character_set_client = @saved_cs_client */;

--
-- Dumping data for table `destination`
--

LOCK TABLES `destination` WRITE;
/*!40000 ALTER TABLE `destination` DISABLE KEYS */;
INSERT INTO `destination` VALUES (1,'Beograd, Srbija','\0'),(2,'Zurich, Switzerland','\0'),(3,'Amsterdam, Holland','\0'),(4,'Johanessburg, South Africa','\0'),(5,'Budapest, Hungary','\0'),(6,'Nis, Serbia','\0'),(7,'Zagreb, Croatia','\0'),(8,'Vienna, Austria','\0'),(9,'Buchurest, Romania','\0'),(10,'Sophia, Bulgaria','\0'),(11,'Tirana, Albania','\0'),(14,'Paris, France','\0'),(15,'Novi Sad, Srbija','\0'),(22,'Brcko, BIH','\0'),(23,'Mali Mokri Lug, Srbija','\0');
/*!40000 ALTER TABLE `destination` ENABLE KEYS */;
UNLOCK TABLES;

--
-- Table structure for table `flight_rate`
--

DROP TABLE IF EXISTS `flight_rate`;
/*!40101 SET @saved_cs_client     = @@character_set_client */;
/*!40101 SET character_set_client = utf8 */;
CREATE TABLE `flight_rate` (
  `flight_rate_id` bigint(20) NOT NULL AUTO_INCREMENT,
  `rate` int(11) DEFAULT NULL,
  `flight_id` bigint(20) DEFAULT NULL,
  `flight_reservation_id` bigint(20) DEFAULT NULL,
  `user_id` bigint(20) DEFAULT NULL,
  PRIMARY KEY (`flight_rate_id`),
  KEY `FKf2chbxuatqhwt1kpyoqrkulmv` (`flight_id`),
  KEY `FKl5ws10k5oec1jqf5kbes94dsm` (`flight_reservation_id`),
  KEY `FKk1aepm9hkcoenb6s3ypttyxgo` (`user_id`)
) ENGINE=MyISAM AUTO_INCREMENT=11 DEFAULT CHARSET=utf8;
/*!40101 SET character_set_client = @saved_cs_client */;

--
-- Dumping data for table `flight_rate`
--

LOCK TABLES `flight_rate` WRITE;
/*!40000 ALTER TABLE `flight_rate` DISABLE KEYS */;
INSERT INTO `flight_rate` VALUES (1,5,17,34,1),(8,1,17,35,1),(9,5,18,36,12),(10,3,13,37,12);
/*!40000 ALTER TABLE `flight_rate` ENABLE KEYS */;
UNLOCK TABLES;

--
-- Table structure for table `flight_reservation`
--

DROP TABLE IF EXISTS `flight_reservation`;
/*!40101 SET @saved_cs_client     = @@character_set_client */;
/*!40101 SET character_set_client = utf8 */;
CREATE TABLE `flight_reservation` (
  `flight_reservation_id` bigint(20) NOT NULL AUTO_INCREMENT,
  `fast_reservation` bit(1) DEFAULT NULL,
  `lastname` varchar(255) DEFAULT NULL,
  `name` varchar(255) DEFAULT NULL,
  `reserve_date` datetime DEFAULT NULL,
  `status` int(11) DEFAULT NULL,
  `user_id` bigint(20) DEFAULT NULL,
  `passport_number` varchar(255) DEFAULT NULL,
  `rate` int(11) DEFAULT NULL,
  `hotel_reservation` bigint(20) DEFAULT NULL,
  `baggage_checked` bit(1) DEFAULT NULL,
  `price` double DEFAULT NULL,
  PRIMARY KEY (`flight_reservation_id`),
  KEY `FK7m4x9u20n7uiv7fwci1sk7vk9` (`user_id`),
  KEY `FKr01c4vyyblb16ejmc5rpqdsf5` (`hotel_reservation`)
) ENGINE=MyISAM AUTO_INCREMENT=66 DEFAULT CHARSET=utf8;
/*!40101 SET character_set_client = @saved_cs_client */;

--
-- Dumping data for table `flight_reservation`
--

LOCK TABLES `flight_reservation` WRITE;
/*!40000 ALTER TABLE `flight_reservation` DISABLE KEYS */;
INSERT INTO `flight_reservation` VALUES (5,'\0',NULL,'Nikola','2019-09-05 13:13:00',3,1,'123456',0,NULL,'\0',0),(6,'\0',NULL,'Nikola','2019-09-05 13:16:00',3,1,'123456',0,NULL,'',0),(7,'\0',NULL,'Nikola','2019-09-05 13:18:00',0,1,'123456',0,NULL,'\0',0),(8,'\0',NULL,'Nikola','2019-09-05 13:19:00',0,1,'123455',0,NULL,'\0',0),(9,'\0',NULL,'Nikola','2019-09-05 15:46:00',0,1,'223344',0,NULL,'',0),(10,'\0',NULL,'Nikola','2019-09-05 15:52:00',0,1,'224477',0,NULL,'\0',0),(11,'\0',NULL,'Nikola','2019-09-05 16:59:00',0,1,'909090',0,NULL,'',0),(12,'\0',NULL,'Nikola','2019-09-05 17:03:00',0,1,'123456',0,NULL,'\0',0),(13,'\0','Peric','Pera','2019-09-05 17:08:00',0,1,'219087',0,NULL,'',0),(14,'\0',NULL,NULL,'2019-09-05 18:02:00',0,1,'123456',0,NULL,'\0',0),(15,'\0',NULL,NULL,'2019-09-05 18:48:00',0,1,'123456',0,NULL,'',0),(16,'\0',NULL,NULL,'2019-09-05 19:25:00',0,1,'123456',0,NULL,'\0',0),(17,'\0',NULL,NULL,'2019-09-05 19:27:00',0,1,'123456',0,NULL,'\0',0),(18,'\0','Markovic','Marko','2019-09-06 15:09:00',0,6,'222333',0,NULL,'',0),(19,'\0','Markanski','Markan','2019-09-06 15:15:00',0,6,'110011',0,NULL,'\0',0),(20,'\0','Skrobonja','Aleksa',NULL,1,6,'111111',0,NULL,'\0',0),(21,'\0','Skrobonja','Aleksa','2019-09-06 15:43:00',0,1,'121212',0,NULL,'',0),(22,'\0','Skrobonja','Dragana','2019-09-06 15:45:00',0,1,'228877',0,NULL,'\0',0),(23,'\0','Skrobonja','Jovan','2019-09-06 15:46:00',0,1,'554455',0,NULL,'\0',0),(24,'\0','Jovic','Neven',NULL,1,5,'887766',0,NULL,'',0),(25,'\0','Snow','Jon','2019-09-07 12:28:00',0,1,'223344',0,NULL,'\0',0),(26,'\0',NULL,NULL,'2019-09-07 12:30:00',0,1,'123456',0,NULL,'\0',0),(27,'\0',NULL,NULL,'2019-09-07 12:40:00',0,1,'123456',0,NULL,'\0',0),(28,'\0',NULL,NULL,'2019-09-07 12:48:00',0,1,'123456',0,NULL,'',0),(29,'\0',NULL,NULL,'2019-09-07 12:53:00',0,1,'123456',0,NULL,'\0',0),(30,'\0',NULL,NULL,'2019-09-07 12:53:00',0,1,'123456',0,NULL,'',0),(31,'\0',NULL,NULL,'2019-09-07 13:04:00',0,1,'123456',0,NULL,'',0),(32,'\0',NULL,NULL,'2019-09-08 15:46:00',0,5,'123456',0,NULL,'\0',0),(34,'\0','Jovic','Neven','2019-09-11 18:01:00',0,1,'123456',0,NULL,'\0',0),(35,'\0','Jovic','Sofija','2019-09-11 19:55:00',0,1,'123456',0,NULL,'\0',0),(36,'\0','Jovic','Neven','2019-09-19 16:36:00',0,12,'201299',0,NULL,'',0),(37,'\0','Skrobonja','Nikola','2019-09-19 16:47:00',0,12,'123456',0,NULL,'',0),(38,'\0','Skrobonja','Nikola','2019-09-20 11:07:00',0,1,'123456',0,NULL,'',0),(39,'\0','Skrobonja','Nikola','2019-09-20 11:11:00',0,1,'123456',0,NULL,'\0',0),(47,'\0','Skrobonja','Nikola','2019-09-24 23:18:00',0,1,'123456',0,6,'',0),(48,'\0','Skrobonja','Nikola','2019-09-24 23:20:00',0,1,'123456',0,7,'',0),(49,'\0','Skrobonja','Nikola','2019-09-24 23:21:00',0,1,'123456',0,8,'',0),(50,'\0','Skrobonja','Nikola','2019-09-26 13:09:00',0,1,'123456',0,NULL,'\0',0),(51,'\0','Skrobonja','Nikola','2019-09-26 19:51:00',0,1,'123456',0,NULL,'\0',0),(52,'\0','Jovic','Neven','2019-09-26 20:33:00',0,12,'123456',0,NULL,'\0',0),(53,'\0','Skrobonja','Nikola','2019-09-26 20:33:00',3,12,'123456',0,NULL,'',0),(54,'\0','Jovic','Neven','2019-09-26 20:48:00',0,12,'123456',0,NULL,'',0),(55,'','Jovic','Neven','2019-09-26 20:49:00',0,12,'123456',0,NULL,'\0',0),(56,'\0','Jovic','Neven','2019-09-26 20:50:00',3,12,'123456',0,NULL,'\0',0),(57,'\0','Jovic','Neven','2019-09-26 21:09:00',0,12,'123456',0,9,'',0),(58,'\0','Jovic','Neven','2019-09-26 22:12:00',0,12,'123456',0,10,'',0),(60,'\0','Jovic','Neven','2019-09-26 23:14:00',0,12,'123456',0,NULL,'',450),(61,'\0','Skrobonja','Nikola','2019-09-26 23:14:00',0,12,'123456',0,NULL,'\0',300),(62,'\0','Jovic','Neven','2019-09-27 00:55:00',0,12,'123456',0,NULL,'',640),(63,'\0','Jovic','Neven','2019-09-27 01:05:00',0,12,'123456',0,NULL,'',640),(64,NULL,NULL,NULL,NULL,NULL,NULL,'',NULL,NULL,NULL,NULL),(65,'\0','Jovic','Neven','2019-09-27 21:34:00',0,12,NULL,0,NULL,'',NULL);
/*!40000 ALTER TABLE `flight_reservation` ENABLE KEYS */;
UNLOCK TABLES;

--
-- Table structure for table `flight_seat`
--

DROP TABLE IF EXISTS `flight_seat`;
/*!40101 SET @saved_cs_client     = @@character_set_client */;
/*!40101 SET character_set_client = utf8 */;
CREATE TABLE `flight_seat` (
  `flight_seat_id` bigint(20) NOT NULL AUTO_INCREMENT,
  `available` bit(1) DEFAULT NULL,
  `col_no` int(11) DEFAULT NULL,
  `fast_reservation` bit(1) DEFAULT NULL,
  `flightclass` int(11) DEFAULT NULL,
  `row_no` int(11) DEFAULT NULL,
  `seat_number` int(11) DEFAULT NULL,
  `flight_id` bigint(20) DEFAULT NULL,
  `version` int(11) DEFAULT NULL,
  PRIMARY KEY (`flight_seat_id`),
  KEY `FKsrcc0xqw831o9uequnbmrss6s` (`flight_id`)
) ENGINE=MyISAM AUTO_INCREMENT=941 DEFAULT CHARSET=utf8;
/*!40101 SET character_set_client = @saved_cs_client */;

--
-- Dumping data for table `flight_seat`
--

LOCK TABLES `flight_seat` WRITE;
/*!40000 ALTER TABLE `flight_seat` DISABLE KEYS */;
INSERT INTO `flight_seat` VALUES (241,'',1,'',0,1,1,9,0),(242,'',2,'\0',0,1,2,9,0),(243,'',3,'\0',0,1,3,9,0),(244,'',4,'\0',0,1,4,9,0),(245,'',5,'\0',0,1,5,9,0),(246,'',6,'',0,1,6,9,0),(247,'',1,'\0',0,2,7,9,0),(248,'',2,'\0',0,2,8,9,0),(249,'',3,'\0',0,2,9,9,0),(250,'',4,'\0',0,2,10,9,0),(251,'',5,'\0',0,2,11,9,0),(252,'',6,'\0',0,2,12,9,0),(253,'',1,'\0',1,3,13,9,0),(254,'',2,'\0',1,3,14,9,0),(255,'',3,'\0',1,3,15,9,0),(256,'',4,'\0',1,3,16,9,0),(257,'',5,'\0',1,3,17,9,0),(258,'',6,'\0',1,3,18,9,0),(259,'',1,'\0',1,4,19,9,0),(260,'',2,'\0',1,4,20,9,0),(261,'',3,'\0',1,4,21,9,0),(262,'',4,'\0',1,4,22,9,0),(263,'',5,'\0',1,4,23,9,0),(264,'',6,'\0',1,4,24,9,0),(265,'',1,'\0',1,5,25,9,0),(266,'',2,'\0',1,5,26,9,0),(267,'',3,'\0',1,5,27,9,0),(268,'',4,'\0',1,5,28,9,0),(269,'',5,'\0',1,5,29,9,0),(270,'',6,'\0',1,5,30,9,0),(271,'',1,'\0',1,6,31,9,0),(272,'',2,'\0',1,6,32,9,0),(273,'',3,'\0',1,6,33,9,0),(274,'',4,'\0',1,6,34,9,0),(275,'',5,'\0',1,6,35,9,0),(276,'',6,'\0',1,6,36,9,0),(277,'',1,'\0',1,7,37,9,0),(278,'',2,'\0',1,7,38,9,0),(279,'',3,'\0',1,7,39,9,0),(280,'',4,'\0',1,7,40,9,0),(281,'',5,'\0',1,7,41,9,0),(282,'',6,'',1,7,42,9,0),(283,'\0',1,'\0',0,1,1,10,0),(284,'\0',2,'\0',0,1,2,10,0),(285,'\0',3,'\0',0,1,3,10,0),(286,'\0',4,'\0',0,1,4,10,0),(287,'\0',5,'\0',0,1,5,10,0),(288,'\0',6,'\0',0,1,6,10,0),(289,'\0',7,'',0,1,7,10,0),(290,'\0',8,'\0',0,1,8,10,0),(291,'',9,'\0',0,1,9,10,0),(292,'\0',10,'\0',0,1,10,10,0),(293,'',1,'\0',0,2,11,10,0),(294,'',2,'\0',0,2,12,10,0),(295,'',3,'\0',0,2,13,10,0),(296,'',4,'\0',0,2,14,10,0),(297,'',5,'\0',0,2,15,10,0),(298,'',6,'\0',0,2,16,10,0),(299,'',7,'\0',0,2,17,10,0),(300,'',8,'\0',0,2,18,10,0),(301,'',9,'\0',0,2,19,10,0),(302,'',10,'\0',0,2,20,10,0),(303,'',1,'\0',0,3,21,10,0),(304,'',2,'\0',0,3,22,10,0),(305,'',3,'\0',0,3,23,10,0),(306,'',4,'\0',0,3,24,10,0),(307,'',5,'\0',0,3,25,10,0),(308,'\0',6,'\0',0,3,26,10,0),(309,'',7,'\0',0,3,27,10,0),(310,'',8,'\0',0,3,28,10,0),(311,'',9,'\0',0,3,29,10,0),(312,'',10,'\0',0,3,30,10,0),(313,'\0',1,'\0',1,4,31,10,0),(314,'',2,'\0',1,4,32,10,0),(315,'\0',3,'\0',1,4,33,10,0),(316,'\0',4,'\0',1,4,34,10,0),(317,'',5,'\0',1,4,35,10,0),(318,'',6,'\0',1,4,36,10,0),(319,'',7,'\0',1,4,37,10,0),(320,'',8,'\0',1,4,38,10,0),(321,'',9,'\0',1,4,39,10,0),(322,'',10,'\0',1,4,40,10,0),(323,'\0',1,'\0',1,5,41,10,0),(324,'\0',2,'\0',1,5,42,10,0),(325,'',3,'\0',1,5,43,10,0),(326,'',4,'',1,5,44,10,0),(327,'',5,'\0',1,5,45,10,0),(328,'',6,'\0',1,5,46,10,0),(329,'',7,'\0',1,5,47,10,0),(330,'',8,'\0',1,5,48,10,0),(331,'',9,'\0',1,5,49,10,0),(332,'',10,'\0',1,5,50,10,0),(333,'',1,'\0',1,6,51,10,0),(334,'',2,'\0',1,6,52,10,0),(335,'',3,'\0',1,6,53,10,0),(336,'\0',4,'\0',1,6,54,10,0),(337,'\0',5,'',1,6,55,10,1),(338,'\0',6,'\0',1,6,56,10,1),(339,'\0',7,'\0',1,6,57,10,1),(340,'',8,'\0',1,6,58,10,0),(341,'',9,'\0',1,6,59,10,0),(342,'',10,'\0',1,6,60,10,0),(343,'',1,'\0',1,7,61,10,0),(344,'',2,'\0',1,7,62,10,0),(345,'',3,'\0',1,7,63,10,0),(346,'',4,'\0',1,7,64,10,0),(347,'',5,'\0',1,7,65,10,0),(348,'',6,'\0',1,7,66,10,0),(349,'',7,'\0',1,7,67,10,0),(350,'',8,'\0',1,7,68,10,0),(351,'',9,'\0',1,7,69,10,0),(352,'',10,'\0',1,7,70,10,0),(353,'',1,'\0',1,8,71,10,0),(354,'',2,'\0',1,8,72,10,0),(355,'',3,'\0',1,8,73,10,0),(356,'',4,'\0',1,8,74,10,0),(357,'',5,'\0',1,8,75,10,0),(358,'',6,'\0',1,8,76,10,0),(359,'',7,'\0',1,8,77,10,0),(360,'',8,'\0',1,8,78,10,0),(361,'',9,'\0',1,8,79,10,0),(362,'',10,'\0',1,8,80,10,0),(363,'',1,'\0',1,9,81,10,0),(364,'',2,'\0',1,9,82,10,0),(365,'',3,'\0',1,9,83,10,0),(366,'',4,'\0',1,9,84,10,0),(367,'',5,'\0',1,9,85,10,0),(368,'',6,'\0',1,9,86,10,0),(369,'',7,'\0',1,9,87,10,0),(370,'',8,'\0',1,9,88,10,0),(371,'',9,'\0',1,9,89,10,0),(372,'',10,'\0',1,9,90,10,0),(373,'\0',1,'\0',1,10,91,10,0),(374,'',2,'\0',1,10,92,10,0),(375,'\0',3,'\0',1,10,93,10,0),(376,'\0',4,'\0',1,10,94,10,0),(377,'\0',5,'\0',1,10,95,10,0),(378,'\0',6,'\0',1,10,96,10,0),(379,'',7,'\0',1,10,97,10,0),(380,'',8,'\0',1,10,98,10,0),(381,'',9,'\0',1,10,99,10,0),(382,'',10,'\0',1,10,100,10,0),(383,'',1,'\0',0,1,1,11,0),(384,'',2,'\0',0,1,2,11,0),(385,'',3,'\0',0,1,3,11,0),(386,'',4,'\0',0,1,4,11,0),(387,'',5,'\0',0,1,5,11,0),(388,'',6,'\0',0,1,6,11,0),(389,'',1,'\0',0,2,7,11,0),(390,'',2,'\0',0,2,8,11,0),(391,'',3,'\0',0,2,9,11,0),(392,'',4,'\0',0,2,10,11,0),(393,'',5,'\0',0,2,11,11,0),(394,'',6,'\0',0,2,12,11,0),(395,'',1,'\0',0,3,13,11,0),(396,'',2,'\0',0,3,14,11,0),(397,'',3,'\0',0,3,15,11,0),(398,'',4,'\0',0,3,16,11,0),(399,'',5,'\0',0,3,17,11,0),(400,'',6,'\0',0,3,18,11,0),(401,'',1,'\0',1,4,19,11,0),(402,'',2,'\0',1,4,20,11,0),(403,'',3,'\0',1,4,21,11,0),(404,'',4,'\0',1,4,22,11,0),(405,'',5,'\0',1,4,23,11,0),(406,'',6,'\0',1,4,24,11,0),(407,'',1,'\0',1,5,25,11,0),(408,'',2,'\0',1,5,26,11,0),(409,'',3,'\0',1,5,27,11,0),(410,'',4,'\0',1,5,28,11,0),(411,'',5,'\0',1,5,29,11,0),(412,'',6,'\0',1,5,30,11,0),(413,'',1,'\0',1,6,31,11,0),(414,'',2,'\0',1,6,32,11,0),(415,'',3,'\0',1,6,33,11,0),(416,'',4,'\0',1,6,34,11,0),(417,'',5,'\0',1,6,35,11,0),(418,'',6,'\0',1,6,36,11,0),(419,'',1,'\0',1,7,37,11,0),(420,'',2,'\0',1,7,38,11,0),(421,'',3,'\0',1,7,39,11,0),(422,'',4,'\0',1,7,40,11,0),(423,'',5,'\0',1,7,41,11,0),(424,'',6,'\0',1,7,42,11,0),(425,'',1,'\0',1,8,43,11,0),(426,'',2,'\0',1,8,44,11,0),(427,'',3,'\0',1,8,45,11,0),(428,'',4,'\0',1,8,46,11,0),(429,'',5,'\0',1,8,47,11,0),(430,'',6,'\0',1,8,48,11,0),(431,'',1,'\0',1,9,49,11,0),(432,'',2,'\0',1,9,50,11,0),(433,'',3,'\0',1,9,51,11,0),(434,'',4,'\0',1,9,52,11,0),(435,'',5,'\0',1,9,53,11,0),(436,'',6,'\0',1,9,54,11,0),(437,'',1,'\0',1,10,55,11,0),(438,'',2,'\0',1,10,56,11,0),(439,'',3,'\0',1,10,57,11,0),(440,'',4,'\0',1,10,58,11,0),(441,'',5,'\0',1,10,59,11,0),(442,'',6,'\0',1,10,60,11,0),(443,'',1,'\0',0,1,1,13,0),(444,'',2,'\0',0,1,2,13,0),(445,'',3,'\0',0,1,3,13,0),(446,'',4,'\0',0,1,4,13,0),(447,'',5,'\0',0,1,5,13,0),(448,'',6,'\0',0,1,6,13,0),(449,'',7,'\0',0,1,7,13,0),(450,'',1,'',0,2,8,13,0),(451,'',2,'\0',0,2,9,13,0),(452,'',3,'\0',0,2,10,13,0),(453,'',4,'\0',0,2,11,13,0),(454,'',5,'\0',0,2,12,13,0),(455,'',6,'\0',0,2,13,13,0),(456,'',7,'\0',0,2,14,13,0),(457,'',1,'\0',0,3,15,13,0),(458,'',2,'\0',0,3,16,13,0),(459,'',3,'\0',0,3,17,13,0),(460,'',4,'\0',0,3,18,13,0),(461,'',5,'\0',0,3,19,13,0),(462,'\0',6,'\0',0,3,20,13,0),(463,'',7,'\0',0,3,21,13,0),(464,'\0',1,'',1,4,22,13,0),(465,'\0',2,'\0',1,4,23,13,0),(466,'\0',3,'\0',1,4,24,13,0),(467,'',4,'\0',1,4,25,13,0),(468,'',5,'\0',1,4,26,13,0),(469,'',6,'',1,4,27,13,0),(470,'',7,'\0',1,4,28,13,0),(471,'\0',1,'\0',1,5,29,13,0),(472,'\0',2,'\0',1,5,30,13,0),(473,'',3,'',1,5,31,13,0),(474,'',4,'\0',1,5,32,13,0),(475,'',5,'\0',1,5,33,13,0),(476,'',6,'\0',1,5,34,13,0),(477,'',7,'\0',1,5,35,13,0),(478,'',1,'\0',1,6,36,13,0),(479,'',2,'\0',1,6,37,13,0),(480,'',3,'\0',1,6,38,13,0),(481,'',4,'\0',1,6,39,13,0),(482,'',5,'\0',1,6,40,13,0),(483,'',6,'\0',1,6,41,13,0),(484,'',7,'\0',1,6,42,13,0),(485,'',1,'\0',1,7,43,13,0),(486,'',2,'\0',1,7,44,13,0),(487,'',3,'\0',1,7,45,13,0),(488,'',4,'\0',1,7,46,13,0),(489,'',5,'\0',1,7,47,13,0),(490,'\0',6,'\0',1,7,48,13,0),(491,'',7,'\0',1,7,49,13,0),(492,'',1,'\0',1,8,50,13,0),(493,'',2,'\0',1,8,51,13,0),(494,'\0',3,'\0',1,8,52,13,1),(495,'\0',4,'\0',1,8,53,13,0),(496,'\0',5,'\0',1,8,54,13,1),(497,'',6,'\0',1,8,55,13,0),(498,'',7,'\0',1,8,56,13,0),(499,'',1,'\0',1,9,57,13,0),(500,'',2,'\0',1,9,58,13,0),(501,'',3,'\0',1,9,59,13,0),(502,'',4,'\0',1,9,60,13,0),(503,'',5,'\0',1,9,61,13,0),(504,'',6,'\0',1,9,62,13,0),(505,'',7,'\0',1,9,63,13,0),(506,'\0',1,'\0',1,10,64,13,0),(507,'',2,'\0',1,10,65,13,0),(508,'\0',3,'\0',1,10,66,13,0),(509,'',4,'\0',1,10,67,13,0),(510,'\0',5,'\0',1,10,68,13,0),(511,'',6,'\0',1,10,69,13,0),(512,'',7,'\0',1,10,70,13,0),(513,'',1,'\0',0,1,1,14,0),(514,'\0',2,'\0',0,1,2,14,0),(515,'\0',3,'\0',0,1,3,14,0),(516,'\0',4,'\0',0,1,4,14,0),(517,'\0',5,'\0',0,1,5,14,0),(518,'',6,'\0',0,1,6,14,0),(519,'',1,'\0',0,2,7,14,0),(520,'',2,'\0',0,2,8,14,0),(521,'',3,'\0',0,2,9,14,0),(522,'\0',4,'\0',0,2,10,14,0),(523,'',5,'\0',0,2,11,14,0),(524,'\0',6,'\0',0,2,12,14,0),(525,'',1,'\0',0,3,13,14,0),(526,'',2,'\0',0,3,14,14,0),(527,'',3,'\0',0,3,15,14,0),(528,'\0',4,'\0',0,3,16,14,0),(529,'',5,'\0',0,3,17,14,0),(530,'',6,'\0',0,3,18,14,0),(531,'',1,'\0',1,4,19,14,0),(532,'',2,'\0',1,4,20,14,0),(533,'\0',3,'\0',1,4,21,14,0),(534,'',4,'\0',1,4,22,14,0),(535,'',5,'\0',1,4,23,14,0),(536,'',6,'\0',1,4,24,14,0),(537,'',1,'\0',1,5,25,14,0),(538,'',2,'\0',1,5,26,14,0),(539,'',3,'\0',1,5,27,14,0),(540,'',4,'\0',1,5,28,14,0),(541,'',5,'\0',1,5,29,14,0),(542,'',6,'\0',1,5,30,14,0),(543,'',1,'\0',1,6,31,14,0),(544,'',2,'\0',1,6,32,14,0),(545,'',3,'\0',1,6,33,14,0),(546,'',4,'\0',1,6,34,14,0),(547,'',5,'\0',1,6,35,14,0),(548,'',6,'\0',1,6,36,14,0),(549,'',1,'\0',1,7,37,14,0),(550,'',2,'\0',1,7,38,14,0),(551,'',3,'\0',1,7,39,14,0),(552,'',4,'\0',1,7,40,14,0),(553,'',5,'\0',1,7,41,14,0),(554,'',6,'\0',1,7,42,14,0),(555,'',1,'\0',1,8,43,14,0),(556,'',2,'\0',1,8,44,14,0),(557,'',3,'\0',1,8,45,14,0),(558,'',4,'\0',1,8,46,14,0),(559,'',5,'\0',1,8,47,14,0),(560,'',6,'\0',1,8,48,14,0),(561,'',1,'\0',1,9,49,14,0),(562,'',2,'\0',1,9,50,14,0),(563,'',3,'\0',1,9,51,14,0),(564,'',4,'\0',1,9,52,14,0),(565,'',5,'\0',1,9,53,14,0),(566,'',6,'\0',1,9,54,14,0),(567,'',1,'\0',1,10,55,14,0),(568,'',2,'\0',1,10,56,14,0),(569,'',3,'\0',1,10,57,14,0),(570,'',4,'\0',1,10,58,14,0),(571,'',5,'\0',1,10,59,14,0),(572,'',6,'\0',1,10,60,14,0),(573,'\0',1,'\0',0,1,1,15,1),(574,'\0',2,'\0',0,1,2,15,1),(575,'\0',3,'\0',0,1,3,15,1),(576,'',4,'\0',0,1,4,15,0),(577,'',5,'\0',0,1,5,15,0),(578,'\0',6,'\0',0,1,6,15,1),(579,'',1,'\0',0,2,7,15,0),(580,'',2,'\0',0,2,8,15,0),(581,'',3,'\0',0,2,9,15,0),(582,'',4,'\0',0,2,10,15,0),(583,'',5,'\0',0,2,11,15,0),(584,'',6,'\0',0,2,12,15,0),(585,'',1,'\0',0,3,13,15,0),(586,'',2,'\0',0,3,14,15,0),(587,'',3,'\0',0,3,15,15,0),(588,'',4,'\0',0,3,16,15,0),(589,'\0',5,'\0',0,3,17,15,1),(590,'\0',6,'\0',0,3,18,15,1),(591,'',1,'\0',1,4,19,15,0),(592,'',2,'\0',1,4,20,15,0),(593,'',3,'\0',1,4,21,15,0),(594,'',4,'\0',1,4,22,15,0),(595,'',5,'\0',1,4,23,15,0),(596,'',6,'\0',1,4,24,15,0),(597,'',1,'\0',1,5,25,15,0),(598,'',2,'\0',1,5,26,15,0),(599,'',3,'\0',1,5,27,15,0),(600,'',4,'\0',1,5,28,15,0),(601,'',5,'\0',1,5,29,15,0),(602,'',6,'\0',1,5,30,15,0),(603,'',1,'\0',1,6,31,15,0),(604,'',2,'\0',1,6,32,15,0),(605,'',3,'\0',1,6,33,15,0),(606,'',4,'\0',1,6,34,15,0),(607,'',5,'\0',1,6,35,15,0),(608,'',6,'\0',1,6,36,15,0),(609,'',1,'\0',1,7,37,15,0),(610,'',2,'\0',1,7,38,15,0),(611,'',3,'\0',1,7,39,15,0),(612,'',4,'\0',1,7,40,15,0),(613,'',5,'\0',1,7,41,15,0),(614,'',6,'\0',1,7,42,15,0),(615,'',1,'\0',1,8,43,15,0),(616,'',2,'\0',1,8,44,15,0),(617,'',3,'\0',1,8,45,15,0),(618,'',4,'\0',1,8,46,15,0),(619,'',5,'\0',1,8,47,15,0),(620,'',6,'\0',1,8,48,15,0),(621,'',1,'\0',1,9,49,15,0),(622,'',2,'\0',1,9,50,15,0),(623,'',3,'\0',1,9,51,15,0),(624,'',4,'\0',1,9,52,15,0),(625,'',5,'\0',1,9,53,15,0),(626,'',6,'\0',1,9,54,15,0),(627,'',1,'\0',1,10,55,15,0),(628,'',2,'\0',1,10,56,15,0),(629,'',3,'\0',1,10,57,15,0),(630,'',4,'\0',1,10,58,15,0),(631,'',5,'\0',1,10,59,15,0),(632,'',6,'\0',1,10,60,15,0),(633,'\0',1,'\0',0,1,1,17,0),(634,'\0',2,'\0',0,1,2,17,0),(635,'',3,'\0',0,1,3,17,0),(636,'',4,'\0',0,1,4,17,0),(637,'',5,'\0',0,1,5,17,0),(638,'',6,'\0',0,1,6,17,0),(639,'',1,'\0',0,2,7,17,0),(640,'',2,'\0',0,2,8,17,0),(641,'',3,'\0',0,2,9,17,0),(642,'',4,'\0',0,2,10,17,0),(643,'',5,'\0',0,2,11,17,0),(644,'',6,'\0',0,2,12,17,0),(645,'',1,'\0',0,3,13,17,0),(646,'',2,'\0',0,3,14,17,0),(647,'',3,'\0',0,3,15,17,0),(648,'',4,'\0',0,3,16,17,0),(649,'',5,'\0',0,3,17,17,0),(650,'',6,'\0',0,3,18,17,0),(651,'',1,'\0',1,4,19,17,0),(652,'',2,'\0',1,4,20,17,0),(653,'',3,'\0',1,4,21,17,0),(654,'',4,'\0',1,4,22,17,0),(655,'',5,'\0',1,4,23,17,0),(656,'',6,'\0',1,4,24,17,0),(657,'',1,'\0',1,5,25,17,0),(658,'',2,'\0',1,5,26,17,0),(659,'',3,'\0',1,5,27,17,0),(660,'',4,'\0',1,5,28,17,0),(661,'',5,'\0',1,5,29,17,0),(662,'',6,'\0',1,5,30,17,0),(663,'',1,'\0',1,6,31,17,0),(664,'',2,'\0',1,6,32,17,0),(665,'',3,'\0',1,6,33,17,0),(666,'',4,'\0',1,6,34,17,0),(667,'',5,'\0',1,6,35,17,0),(668,'',6,'\0',1,6,36,17,0),(669,'',1,'\0',1,7,37,17,0),(670,'',2,'\0',1,7,38,17,0),(671,'',3,'\0',1,7,39,17,0),(672,'',4,'\0',1,7,40,17,0),(673,'',5,'\0',1,7,41,17,0),(674,'',6,'\0',1,7,42,17,0),(675,'',1,'\0',1,8,43,17,0),(676,'',2,'\0',1,8,44,17,0),(677,'',3,'',1,8,45,17,0),(678,'',4,'\0',1,8,46,17,0),(679,'',5,'\0',1,8,47,17,0),(680,'',6,'\0',1,8,48,17,0),(681,'',1,'\0',1,9,49,17,0),(682,'',2,'\0',1,9,50,17,0),(683,'',3,'\0',1,9,51,17,0),(684,'',4,'\0',1,9,52,17,0),(685,'',5,'\0',1,9,53,17,0),(686,'',6,'\0',1,9,54,17,0),(687,'',1,'\0',1,10,55,17,0),(688,'',2,'\0',1,10,56,17,0),(689,'',3,'\0',1,10,57,17,0),(690,'',4,'\0',1,10,58,17,0),(691,'',5,'\0',1,10,59,17,0),(692,'',6,'\0',1,10,60,17,0),(693,'\0',1,'\0',0,1,1,18,0),(694,'',2,'\0',0,1,2,18,0),(695,'\0',3,'\0',0,1,3,18,0),(696,'',4,'\0',0,1,4,18,0),(697,'',5,'\0',0,1,5,18,0),(698,'',6,'\0',0,1,6,18,0),(699,'',7,'\0',0,1,7,18,0),(700,'',1,'\0',0,2,8,18,0),(701,'',2,'\0',0,2,9,18,0),(702,'',3,'\0',0,2,10,18,0),(703,'',4,'\0',0,2,11,18,0),(704,'',5,'\0',0,2,12,18,0),(705,'',6,'\0',0,2,13,18,0),(706,'',7,'\0',0,2,14,18,0),(707,'',1,'\0',0,3,15,18,0),(708,'',2,'\0',0,3,16,18,0),(709,'',3,'\0',0,3,17,18,0),(710,'',4,'\0',0,3,18,18,0),(711,'',5,'\0',0,3,19,18,0),(712,'',6,'\0',0,3,20,18,0),(713,'',7,'\0',0,3,21,18,0),(714,'',1,'\0',0,4,22,18,0),(715,'',2,'\0',0,4,23,18,0),(716,'',3,'\0',0,4,24,18,0),(717,'',4,'\0',0,4,25,18,0),(718,'',5,'\0',0,4,26,18,0),(719,'',6,'\0',0,4,27,18,0),(720,'',7,'\0',0,4,28,18,0),(721,'',1,'\0',1,5,29,18,0),(722,'',2,'\0',1,5,30,18,0),(723,'',3,'\0',1,5,31,18,0),(724,'',4,'\0',1,5,32,18,0),(725,'',5,'\0',1,5,33,18,0),(726,'',6,'\0',1,5,34,18,0),(727,'',7,'\0',1,5,35,18,0),(728,'',1,'\0',1,6,36,18,0),(729,'',2,'\0',1,6,37,18,0),(730,'',3,'\0',1,6,38,18,0),(731,'',4,'\0',1,6,39,18,0),(732,'',5,'\0',1,6,40,18,0),(733,'',6,'\0',1,6,41,18,0),(734,'',7,'\0',1,6,42,18,0),(735,'',1,'\0',1,7,43,18,0),(736,'',2,'\0',1,7,44,18,0),(737,'',3,'\0',1,7,45,18,0),(738,'',4,'\0',1,7,46,18,0),(739,'',5,'\0',1,7,47,18,0),(740,'',6,'\0',1,7,48,18,0),(741,'',7,'\0',1,7,49,18,0),(742,'',1,'\0',1,8,50,18,0),(743,'',2,'\0',1,8,51,18,0),(744,'',3,'\0',1,8,52,18,0),(745,'',4,'\0',1,8,53,18,0),(746,'',5,'\0',1,8,54,18,0),(747,'',6,'\0',1,8,55,18,0),(748,'',7,'\0',1,8,56,18,0),(749,'',1,'\0',1,9,57,18,0),(750,'',2,'\0',1,9,58,18,0),(751,'',3,'\0',1,9,59,18,0),(752,'',4,'\0',1,9,60,18,0),(753,'',5,'\0',1,9,61,18,0),(754,'',6,'\0',1,9,62,18,0),(755,'',7,'\0',1,9,63,18,0),(756,'',1,'\0',1,10,64,18,0),(757,'',2,'\0',1,10,65,18,0),(758,'',3,'\0',1,10,66,18,0),(759,'',4,'\0',1,10,67,18,0),(760,'',5,'\0',1,10,68,18,0),(761,'',6,'\0',1,10,69,18,0),(762,'',7,'\0',1,10,70,18,0),(763,'',1,'\0',1,11,71,18,0),(764,'\0',2,'\0',1,11,72,18,0),(765,'',3,'\0',1,11,73,18,0),(766,'',4,'\0',1,11,74,18,0),(767,'',5,'\0',1,11,75,18,0),(768,'',6,'\0',1,11,76,18,0),(769,'',7,'\0',1,11,77,18,0),(770,'',1,'\0',1,12,78,18,0),(771,'',2,'\0',1,12,79,18,0),(772,'',3,'\0',1,12,80,18,0),(773,'',4,'\0',1,12,81,18,0),(774,'',5,'\0',1,12,82,18,0),(775,'',6,'\0',1,12,83,18,0),(776,'',7,'\0',1,12,84,18,0),(777,'',1,'\0',1,13,85,18,0),(778,'',2,'\0',1,13,86,18,0),(779,'',3,'\0',1,13,87,18,0),(780,'',4,'\0',1,13,88,18,0),(781,'',5,'\0',1,13,89,18,0),(782,'',6,'\0',1,13,90,18,0),(783,'',7,'\0',1,13,91,18,0),(784,'',1,'\0',1,14,92,18,0),(785,'',2,'\0',1,14,93,18,0),(786,'',3,'\0',1,14,94,18,0),(787,'',4,'\0',1,14,95,18,0),(788,'',5,'\0',1,14,96,18,0),(789,'',6,'\0',1,14,97,18,0),(790,'',7,'\0',1,14,98,18,0),(791,'\0',1,'\0',0,1,1,19,1),(792,'\0',2,'\0',0,1,2,19,0),(793,'',3,'\0',0,1,3,19,0),(794,'',4,'\0',0,1,4,19,0),(795,'',5,'\0',0,1,5,19,0),(796,'',6,'\0',0,1,6,19,0),(797,'',7,'\0',0,1,7,19,0),(798,'',8,'\0',0,1,8,19,0),(799,'\0',9,'\0',0,1,9,19,1),(800,'',1,'\0',0,2,10,19,0),(801,'',2,'\0',0,2,11,19,0),(802,'',3,'\0',0,2,12,19,0),(803,'',4,'\0',0,2,13,19,0),(804,'',5,'\0',0,2,14,19,0),(805,'',6,'\0',0,2,15,19,0),(806,'',7,'\0',0,2,16,19,0),(807,'',8,'\0',0,2,17,19,0),(808,'',9,'\0',0,2,18,19,0),(809,'',1,'\0',0,3,19,19,0),(810,'',2,'\0',0,3,20,19,0),(811,'',3,'\0',0,3,21,19,0),(812,'',4,'\0',0,3,22,19,0),(813,'',5,'\0',0,3,23,19,0),(814,'',6,'\0',0,3,24,19,0),(815,'',7,'\0',0,3,25,19,0),(816,'',8,'\0',0,3,26,19,0),(817,'',9,'\0',0,3,27,19,0),(818,'',1,'\0',1,4,28,19,0),(819,'',2,'\0',1,4,29,19,0),(820,'',3,'\0',1,4,30,19,0),(821,'',4,'\0',1,4,31,19,0),(822,'',5,'\0',1,4,32,19,0),(823,'',6,'\0',1,4,33,19,0),(824,'',7,'\0',1,4,34,19,0),(825,'',8,'\0',1,4,35,19,0),(826,'',9,'\0',1,4,36,19,0),(827,'',1,'\0',1,5,37,19,0),(828,'',2,'\0',1,5,38,19,0),(829,'',3,'\0',1,5,39,19,0),(830,'',4,'\0',1,5,40,19,0),(831,'',5,'\0',1,5,41,19,0),(832,'',6,'\0',1,5,42,19,0),(833,'',7,'\0',1,5,43,19,0),(834,'',8,'\0',1,5,44,19,0),(835,'',9,'\0',1,5,45,19,0),(836,'',1,'\0',1,6,46,19,0),(837,'',2,'\0',1,6,47,19,0),(838,'',3,'\0',1,6,48,19,0),(839,'',4,'\0',1,6,49,19,0),(840,'',5,'\0',1,6,50,19,0),(841,'',6,'\0',1,6,51,19,0),(842,'',7,'\0',1,6,52,19,0),(843,'',8,'\0',1,6,53,19,0),(844,'',9,'\0',1,6,54,19,0),(845,'',1,'\0',1,7,55,19,0),(846,'',2,'\0',1,7,56,19,0),(847,'',3,'\0',1,7,57,19,0),(848,'',4,'\0',1,7,58,19,0),(849,'',5,'\0',1,7,59,19,0),(850,'',6,'\0',1,7,60,19,0),(851,'',7,'\0',1,7,61,19,0),(852,'',8,'\0',1,7,62,19,0),(853,'',9,'\0',1,7,63,19,0),(854,'',1,'\0',1,8,64,19,0),(855,'',2,'\0',1,8,65,19,0),(856,'',3,'\0',1,8,66,19,0),(857,'',4,'\0',1,8,67,19,0),(858,'',5,'\0',1,8,68,19,0),(859,'',6,'\0',1,8,69,19,0),(860,'',7,'\0',1,8,70,19,0),(861,'',8,'\0',1,8,71,19,0),(862,'',9,'\0',1,8,72,19,0),(863,'',1,'\0',1,9,73,19,0),(864,'',2,'\0',1,9,74,19,0),(865,'',3,'\0',1,9,75,19,0),(866,'',4,'\0',1,9,76,19,0),(867,'',5,'\0',1,9,77,19,0),(868,'',6,'\0',1,9,78,19,0),(869,'',7,'\0',1,9,79,19,0),(870,'',8,'\0',1,9,80,19,0),(871,'',9,'\0',1,9,81,19,0),(872,'',1,'\0',1,10,82,19,0),(873,'',2,'\0',1,10,83,19,0),(874,'',3,'\0',1,10,84,19,0),(875,'',4,'\0',1,10,85,19,0),(876,'',5,'\0',1,10,86,19,0),(877,'',6,'\0',1,10,87,19,0),(878,'',7,'\0',1,10,88,19,0),(879,'',8,'\0',1,10,89,19,0),(880,'',9,'\0',1,10,90,19,0),(881,'',1,'\0',0,1,1,20,0),(882,'',2,'\0',0,1,2,20,0),(883,'',3,'\0',0,1,3,20,0),(884,'',4,'\0',0,1,4,20,0),(885,'',5,'\0',0,1,5,20,0),(886,'',6,'\0',0,1,6,20,0),(887,'',1,'\0',0,2,7,20,0),(888,'',2,'\0',0,2,8,20,0),(889,'',3,'\0',0,2,9,20,0),(890,'',4,'\0',0,2,10,20,0),(891,'',5,'\0',0,2,11,20,0),(892,'',6,'\0',0,2,12,20,0),(893,'',1,'\0',0,3,13,20,0),(894,'',2,'\0',0,3,14,20,0),(895,'',3,'\0',0,3,15,20,0),(896,'',4,'\0',0,3,16,20,0),(897,'',5,'\0',0,3,17,20,0),(898,'',6,'\0',0,3,18,20,0),(899,'\0',1,'\0',1,4,19,20,1),(900,'',2,'\0',1,4,20,20,2),(901,'',3,'\0',1,4,21,20,0),(902,'',4,'\0',1,4,22,20,0),(903,'',5,'\0',1,4,23,20,0),(904,'',6,'\0',1,4,24,20,0),(905,'',1,'\0',1,5,25,20,0),(906,'',2,'\0',1,5,26,20,0),(907,'',3,'\0',1,5,27,20,0),(908,'',4,'\0',1,5,28,20,0),(909,'',5,'\0',1,5,29,20,0),(910,'',6,'\0',1,5,30,20,0),(911,'',1,'\0',1,6,31,20,0),(912,'',2,'\0',1,6,32,20,0),(913,'',3,'\0',1,6,33,20,0),(914,'',4,'\0',1,6,34,20,0),(915,'',5,'\0',1,6,35,20,0),(916,'',6,'\0',1,6,36,20,0),(917,'',1,'\0',1,7,37,20,0),(918,'',2,'\0',1,7,38,20,0),(919,'',3,'\0',1,7,39,20,0),(920,'',4,'\0',1,7,40,20,0),(921,'',5,'\0',1,7,41,20,0),(922,'',6,'\0',1,7,42,20,0),(923,'',1,'\0',1,8,43,20,0),(924,'',2,'\0',1,8,44,20,0),(925,'',3,'\0',1,8,45,20,0),(926,'',4,'\0',1,8,46,20,0),(927,'',5,'\0',1,8,47,20,0),(928,'',6,'\0',1,8,48,20,0),(929,'',1,'\0',1,9,49,20,0),(930,'',2,'\0',1,9,50,20,0),(931,'',3,'\0',1,9,51,20,0),(932,'',4,'\0',1,9,52,20,0),(933,'',5,'\0',1,9,53,20,0),(934,'',6,'\0',1,9,54,20,0),(935,'\0',1,'',1,10,55,20,1),(936,'\0',2,'',1,10,56,20,1),(937,'',3,'',1,10,57,20,0),(938,'',4,'',1,10,58,20,0),(939,'',5,'',1,10,59,20,0),(940,'',6,'',1,10,60,20,2);
/*!40000 ALTER TABLE `flight_seat` ENABLE KEYS */;
UNLOCK TABLES;

--
-- Table structure for table `flights`
--

DROP TABLE IF EXISTS `flights`;
/*!40101 SET @saved_cs_client     = @@character_set_client */;
/*!40101 SET character_set_client = utf8 */;
CREATE TABLE `flights` (
  `flightid` bigint(20) NOT NULL AUTO_INCREMENT,
  `baggage_over20price` int(11) DEFAULT NULL,
  `baggage_over7price` int(11) DEFAULT NULL,
  `bussinessprice` double DEFAULT NULL,
  `economicprice` double DEFAULT NULL,
  `landing` datetime DEFAULT NULL,
  `number_of_business_seats` int(11) DEFAULT NULL,
  `number_of_economic_seats` int(11) DEFAULT NULL,
  `takeoff` datetime DEFAULT NULL,
  `aviocompany_id` bigint(20) NOT NULL,
  `fromdest_id` bigint(20) NOT NULL,
  `todest_id` bigint(20) NOT NULL,
  `configuration_type` varchar(255) DEFAULT NULL,
  `num_of_rows` int(11) DEFAULT NULL,
  `discount` float DEFAULT NULL,
  `version` int(11) DEFAULT NULL,
  PRIMARY KEY (`flightid`),
  KEY `FKekj3pbo4bd8muufi8v3bqsuc7` (`aviocompany_id`),
  KEY `FK1atbm3aqa3yu39kgrv70v0bj1` (`fromdest_id`),
  KEY `FKqqowi77gp3gvy7besgkplx0mu` (`todest_id`)
) ENGINE=MyISAM AUTO_INCREMENT=21 DEFAULT CHARSET=utf8;
/*!40101 SET character_set_client = @saved_cs_client */;

--
-- Dumping data for table `flights`
--

LOCK TABLES `flights` WRITE;
/*!40000 ALTER TABLE `flights` DISABLE KEYS */;
INSERT INTO `flights` VALUES (10,30,20,342,235,'2019-09-15 21:50:00',NULL,NULL,'2019-09-15 19:30:00',1,1,2,'jumbojet',10,10,0),(11,35,25,130,100,'2019-09-10 15:20:00',NULL,NULL,'2019-09-10 14:30:00',2,6,7,'smalljet',10,10,0),(13,45,35,300,240,'2019-09-20 17:05:00',NULL,NULL,'2019-09-20 14:25:00',1,2,1,'mediumjet',10,15,0),(14,34,24,390,330,'2019-09-20 21:00:00',NULL,NULL,'2019-09-20 18:45:00',1,2,1,'smalljet',10,7,0),(15,150,100,600,300,'2019-09-29 20:10:00',NULL,NULL,'2019-09-29 18:00:00',1,3,2,'smalljet',10,8,0),(16,150,100,500,300,'2019-08-20 20:10:00',NULL,NULL,'2019-08-20 18:10:00',2,1,2,'smalljet',10,8,0),(17,199,150,200,100,'2019-08-01 19:50:00',NULL,NULL,'2019-08-01 17:55:00',1,14,5,'smalljet',10,12,0),(18,150,100,300,200,'2019-09-23 22:25:00',NULL,NULL,'2019-09-23 17:25:00',4,15,14,'mediumjet',14,5,0),(19,40,10,600,300,'2019-09-30 13:00:00',NULL,NULL,'2019-09-29 17:05:00',1,2,4,'airbus',10,5,0),(20,50,NULL,200,150,'2019-09-29 22:00:00',NULL,NULL,'2019-09-29 20:00:00',5,2,9,'smalljet',10,5,0);
/*!40000 ALTER TABLE `flights` ENABLE KEYS */;
UNLOCK TABLES;

--
-- Table structure for table `hotel`
--

DROP TABLE IF EXISTS `hotel`;
/*!40101 SET @saved_cs_client     = @@character_set_client */;
/*!40101 SET character_set_client = utf8 */;
CREATE TABLE `hotel` (
  `hotelid` bigint(20) NOT NULL AUTO_INCREMENT,
  `hoteladdress` varchar(255) NOT NULL,
  `hotelname` varchar(255) DEFAULT NULL,
  `hotelpromo` varchar(255) NOT NULL,
  `admin` bigint(20) DEFAULT NULL,
  `destination` bigint(20) DEFAULT NULL,
  `averagerate` float DEFAULT NULL,
  PRIMARY KEY (`hotelid`),
  KEY `FKntn6dncxbcxlo8wapqlx1resg` (`admin`),
  KEY `FKq3w1368v3f2yo3d07eyef64qb` (`destination`)
) ENGINE=MyISAM AUTO_INCREMENT=14 DEFAULT CHARSET=utf8;
/*!40101 SET character_set_client = @saved_cs_client */;

--
-- Dumping data for table `hotel`
--

LOCK TABLES `hotel` WRITE;
/*!40000 ALTER TABLE `hotel` DISABLE KEYS */;
INSERT INTO `hotel` VALUES (1,'Some Address','Platino','Create your own comfort.',4,1,0),(2,'Another Address','Grail','Small and intimate resort.',10,2,4),(3,'Third Address','Grand Hotel','Finest.',10,3,0),(4,'Real Address','Rest','For the tired.',10,4,0),(5,'Sandton 14','Sandton','We allow you to work in peace.',10,5,0),(7,'Neka Adresa','Neki Hotel','Neki Promo',10,3,0),(8,'Beograd, Bulevar Zorana Djindjica 158','HiltonAS','Luxury hotel',13,1,0),(9,'Paris adresa','Paris Hotel','Hotel u Parizu.',14,14,0),(10,'Vladislava Petkovica Disa 3a','Hotel California','Such a lovely place (such a lovely place) Such a lovely face.',13,15,0),(11,'Somborska bb','Neki Hotelcic','Bla bla truc',13,15,0),(12,'Somborska bbb','Neki Hotelcic2','Bla Bla truc 2',15,15,0),(13,'Somborska bbbb','Neki Hotelcic3','Bla Bla Truc 3',15,15,0);
/*!40000 ALTER TABLE `hotel` ENABLE KEYS */;
UNLOCK TABLES;

--
-- Table structure for table `hotel_reservation`
--

DROP TABLE IF EXISTS `hotel_reservation`;
/*!40101 SET @saved_cs_client     = @@character_set_client */;
/*!40101 SET character_set_client = utf8 */;
CREATE TABLE `hotel_reservation` (
  `hotelreservationid` bigint(20) NOT NULL AUTO_INCREMENT,
  `arrivaldate` datetime DEFAULT NULL,
  `canceled` bit(1) DEFAULT NULL,
  `departingdate` datetime DEFAULT NULL,
  `status` int(11) DEFAULT NULL,
  `flight_res_id_flight_reservation_id` bigint(20) DEFAULT NULL,
  `room_id` bigint(20) DEFAULT NULL,
  `user_id` bigint(20) DEFAULT NULL,
  `rating` int(11) DEFAULT NULL,
  `discount` double DEFAULT NULL,
  `fast_reservation` bit(1) DEFAULT NULL,
  `version` int(11) DEFAULT NULL,
  PRIMARY KEY (`hotelreservationid`),
  KEY `FKeg2ex12al32slb8rep2alos9w` (`flight_res_id_flight_reservation_id`),
  KEY `FKbnkdnwiybemajygwdyon4kv2n` (`room_id`),
  KEY `FK3nuk4q86er2q4g6f654kjr0ed` (`user_id`)
) ENGINE=MyISAM AUTO_INCREMENT=11 DEFAULT CHARSET=utf8;
/*!40101 SET character_set_client = @saved_cs_client */;

--
-- Dumping data for table `hotel_reservation`
--

LOCK TABLES `hotel_reservation` WRITE;
/*!40000 ALTER TABLE `hotel_reservation` DISABLE KEYS */;
INSERT INTO `hotel_reservation` VALUES (1,'2019-09-06 02:00:00','\0','2019-09-13 02:00:00',0,NULL,18,1,3,NULL,'\0',1),(2,'2019-09-15 02:00:00','','2019-09-20 02:00:00',3,NULL,18,1,0,NULL,'\0',0),(3,'2019-09-23 02:00:00','\0','2019-09-25 02:00:00',0,NULL,19,12,0,NULL,'\0',0),(4,'2019-09-20 02:00:00','\0','2019-09-23 02:00:00',0,NULL,19,12,0,NULL,'\0',0),(5,'2019-09-23 02:00:00','\0','2019-09-25 02:00:00',0,NULL,21,1,0,NULL,'\0',0),(6,'2019-09-15 02:00:00','\0','2019-09-24 02:00:00',0,NULL,12,1,0,NULL,'\0',0),(7,'2019-09-15 02:00:00','\0','2019-09-20 02:00:00',0,NULL,19,1,0,NULL,'\0',0),(8,'2019-09-15 02:00:00','\0','2019-09-20 02:00:00',0,NULL,11,1,3,NULL,'\0',0),(9,'2019-09-29 02:00:00','\0','2019-09-30 02:00:00',0,NULL,19,12,0,NULL,'\0',0),(10,'2019-09-29 02:00:00','\0','2019-10-01 02:00:00',0,NULL,10,12,0,NULL,'\0',0);
/*!40000 ALTER TABLE `hotel_reservation` ENABLE KEYS */;
UNLOCK TABLES;

--
-- Table structure for table `hotel_service`
--

DROP TABLE IF EXISTS `hotel_service`;
/*!40101 SET @saved_cs_client     = @@character_set_client */;
/*!40101 SET character_set_client = utf8 */;
CREATE TABLE `hotel_service` (
  `hotelserviceid` bigint(20) NOT NULL AUTO_INCREMENT,
  `charge` varchar(255) DEFAULT NULL,
  `servicename` varchar(255) DEFAULT NULL,
  `rate` double DEFAULT NULL,
  `hotel_id` bigint(20) DEFAULT NULL,
  PRIMARY KEY (`hotelserviceid`),
  KEY `FKa94xlwpvda1q3kh1gvcrxxhfa` (`hotel_id`)
) ENGINE=MyISAM AUTO_INCREMENT=16 DEFAULT CHARSET=utf8;
/*!40101 SET character_set_client = @saved_cs_client */;

--
-- Dumping data for table `hotel_service`
--

LOCK TABLES `hotel_service` WRITE;
/*!40000 ALTER TABLE `hotel_service` DISABLE KEYS */;
INSERT INTO `hotel_service` VALUES (1,'per night','Air-conditioning',15,1),(2,'per stay','Mini-kithcen',25,1),(3,'per stay','Mini-frigde',30,1),(4,'per stay','Refridgerator',25,2),(5,'per stay','Air-conditioning',30,2),(8,'per night','Air Condition',10,8),(10,'per stay','Refrigerator',12,8),(12,'per night','Breakfast',6,8),(13,'per night','Room Service',10,10),(15,'per stay','Refrigerator',5,10);
/*!40000 ALTER TABLE `hotel_service` ENABLE KEYS */;
UNLOCK TABLES;

--
-- Table structure for table `persisting_avio_destination`
--

DROP TABLE IF EXISTS `persisting_avio_destination`;
/*!40101 SET @saved_cs_client     = @@character_set_client */;
/*!40101 SET character_set_client = utf8 */;
CREATE TABLE `persisting_avio_destination` (
  `avio_id` bigint(20) NOT NULL,
  `dest_id` bigint(20) NOT NULL,
  KEY `FKp0q2ppvyi70fbnq2gxckx9gy` (`dest_id`),
  KEY `FK5q5kkioyyq5xpx82o6xsudjkt` (`avio_id`)
) ENGINE=MyISAM DEFAULT CHARSET=utf8;
/*!40101 SET character_set_client = @saved_cs_client */;

--
-- Dumping data for table `persisting_avio_destination`
--

LOCK TABLES `persisting_avio_destination` WRITE;
/*!40000 ALTER TABLE `persisting_avio_destination` DISABLE KEYS */;
INSERT INTO `persisting_avio_destination` VALUES (2,6),(2,7),(2,8),(2,9),(2,10),(2,11),(1,4),(1,1),(1,5),(4,11),(4,14),(4,9),(4,15),(1,14),(1,2),(1,3),(5,2),(5,1),(5,3),(5,9);
/*!40000 ALTER TABLE `persisting_avio_destination` ENABLE KEYS */;
UNLOCK TABLES;

--
-- Table structure for table `persisting_flight_stops`
--

DROP TABLE IF EXISTS `persisting_flight_stops`;
/*!40101 SET @saved_cs_client     = @@character_set_client */;
/*!40101 SET character_set_client = utf8 */;
CREATE TABLE `persisting_flight_stops` (
  `flight_id` bigint(20) NOT NULL,
  `dest_id` bigint(20) NOT NULL,
  KEY `FKrsssmpjdr3gplxp9vq10plnb9` (`dest_id`),
  KEY `FK8odkru3mfn4wmfghkdh2elq98` (`flight_id`)
) ENGINE=MyISAM DEFAULT CHARSET=latin1;
/*!40101 SET character_set_client = @saved_cs_client */;

--
-- Dumping data for table `persisting_flight_stops`
--

LOCK TABLES `persisting_flight_stops` WRITE;
/*!40000 ALTER TABLE `persisting_flight_stops` DISABLE KEYS */;
/*!40000 ALTER TABLE `persisting_flight_stops` ENABLE KEYS */;
UNLOCK TABLES;

--
-- Table structure for table `persisting_reservation_service`
--

DROP TABLE IF EXISTS `persisting_reservation_service`;
/*!40101 SET @saved_cs_client     = @@character_set_client */;
/*!40101 SET character_set_client = utf8 */;
CREATE TABLE `persisting_reservation_service` (
  `reservation_id` bigint(20) NOT NULL,
  `service_id` bigint(20) NOT NULL,
  KEY `FKasa4sdiu17avf3h1xjjkb7005` (`service_id`),
  KEY `FKtr14lwacro9ct19ehxrstty3a` (`reservation_id`)
) ENGINE=MyISAM DEFAULT CHARSET=utf8;
/*!40101 SET character_set_client = @saved_cs_client */;

--
-- Dumping data for table `persisting_reservation_service`
--

LOCK TABLES `persisting_reservation_service` WRITE;
/*!40000 ALTER TABLE `persisting_reservation_service` DISABLE KEYS */;
/*!40000 ALTER TABLE `persisting_reservation_service` ENABLE KEYS */;
UNLOCK TABLES;

--
-- Table structure for table `priceofroom`
--

DROP TABLE IF EXISTS `priceofroom`;
/*!40101 SET @saved_cs_client     = @@character_set_client */;
/*!40101 SET character_set_client = utf8 */;
CREATE TABLE `priceofroom` (
  `priceid` bigint(20) NOT NULL AUTO_INCREMENT,
  `active_from` datetime DEFAULT NULL,
  `active_to` datetime DEFAULT NULL,
  `price` double DEFAULT NULL,
  `roomid` bigint(20) DEFAULT NULL,
  PRIMARY KEY (`priceid`),
  KEY `FKd9qqfotsi80901gwjlwx2k6i4` (`roomid`)
) ENGINE=MyISAM AUTO_INCREMENT=161 DEFAULT CHARSET=utf8;
/*!40101 SET character_set_client = @saved_cs_client */;

--
-- Dumping data for table `priceofroom`
--

LOCK TABLES `priceofroom` WRITE;
/*!40000 ALTER TABLE `priceofroom` DISABLE KEYS */;
INSERT INTO `priceofroom` VALUES (1,'2019-01-01 00:00:00','2019-01-31 00:00:00',300,1),(2,'2019-02-01 00:00:00','2019-02-28 00:00:00',310,1),(3,'2019-03-01 00:00:00','2019-03-31 00:00:00',330,1),(4,'2019-04-01 00:00:00','2019-04-30 00:00:00',330,1),(5,'2019-05-01 00:00:00','2019-05-31 00:00:00',360,1),(6,'2019-06-01 00:00:00','2019-06-30 00:00:00',345,1),(7,'2019-07-01 00:00:00','2019-07-31 00:00:00',335,1),(8,'2019-08-01 00:00:00','2019-08-30 00:00:00',350,1),(9,'2019-01-09 00:00:00','2019-09-30 00:00:00',330,1),(10,'2019-10-01 00:00:00','2019-10-31 00:00:00',320,1),(11,'2019-11-01 00:00:00','2019-11-30 00:00:00',310,1),(12,'2019-12-01 00:00:00','2019-12-31 00:00:00',300,1),(13,'2019-01-01 00:00:00','2019-01-31 00:00:00',210,4),(14,'2019-02-01 00:00:00','2019-02-28 00:00:00',220,4),(15,'2019-03-01 00:00:00','2019-03-31 00:00:00',230,4),(16,'2019-04-01 00:00:00','2019-04-30 00:00:00',235,4),(17,'2019-05-01 00:00:00','2019-05-31 00:00:00',260,4),(18,'2019-06-01 00:00:00','2019-06-30 00:00:00',255,4),(19,'2019-07-01 00:00:00','2019-07-31 00:00:00',245,4),(20,'2019-08-01 00:00:00','2019-08-30 00:00:00',240,4),(21,'2019-09-01 00:00:00','2019-09-30 00:00:00',235,4),(22,'2019-10-01 00:00:00','2019-10-31 00:00:00',220,4),(23,'2019-11-01 00:00:00','2019-11-30 00:00:00',215,4),(24,'2019-12-01 00:00:00','2019-12-31 00:00:00',210,4),(52,'2019-12-01 00:00:00','2019-12-30 00:00:00',311,17),(51,'2019-11-01 00:00:00','2019-12-01 00:00:00',333,17),(50,'2019-10-01 00:00:00','2019-10-30 00:00:00',323,17),(49,'2019-08-01 00:00:00','2019-08-31 00:00:00',341,17),(48,'2019-08-01 00:00:00','2019-08-30 00:00:00',321,17),(47,'2019-07-01 00:00:00','2019-07-31 00:00:00',321,17),(46,'2019-06-01 00:00:00','2019-06-30 00:00:00',231,17),(45,'2019-05-01 00:00:00','2019-05-31 00:00:00',220,17),(44,'2019-04-01 00:00:00','2019-04-30 00:00:00',221,17),(43,'2019-03-01 00:00:00','2019-03-31 00:00:00',225,17),(42,'2019-02-01 00:00:00','2019-02-28 00:00:00',223,17),(41,'2019-01-01 00:00:00','2019-01-31 00:00:00',222,17),(53,'2019-01-01 00:00:00','2019-01-31 00:00:00',40,19),(54,'2019-02-01 00:00:00','2019-02-28 00:00:00',50,19),(55,'2019-03-01 00:00:00','2019-03-31 00:00:00',60,19),(56,'2019-04-01 00:00:00','2019-04-30 00:00:00',65,19),(57,'2019-05-01 00:00:00','2019-05-31 00:00:00',70,19),(58,'2019-06-01 00:00:00','2019-06-30 00:00:00',75,19),(59,'2019-07-01 00:00:00','2019-07-31 00:00:00',80,19),(60,'2019-08-01 00:00:00','2019-08-30 00:00:00',85,19),(61,'2019-08-01 00:00:00','2019-08-31 00:00:00',60,19),(62,'2019-10-01 00:00:00','2019-10-30 00:00:00',55,19),(63,'2019-11-01 00:00:00','2019-12-01 00:00:00',50,19),(64,'2019-12-01 00:00:00','2019-12-30 00:00:00',45,19),(77,'2019-01-01 00:00:00','2019-01-31 00:00:00',25,21),(78,'2019-02-01 00:00:00','2019-02-28 00:00:00',35,21),(79,'2019-03-01 00:00:00','2019-03-31 00:00:00',50,21),(80,'2019-04-01 00:00:00','2019-04-30 00:00:00',65,21),(81,'2019-05-01 00:00:00','2019-05-31 00:00:00',55,21),(82,'2019-06-01 00:00:00','2019-06-30 00:00:00',55,21),(83,'2019-07-01 00:00:00','2019-07-31 00:00:00',55,21),(84,'2019-08-01 00:00:00','2019-08-30 00:00:00',55,21),(85,'2019-08-01 00:00:00','2019-08-31 00:00:00',55,21),(86,'2019-10-01 00:00:00','2019-10-30 00:00:00',55,21),(87,'2019-11-01 00:00:00','2019-12-01 00:00:00',55,21),(88,'2019-12-01 00:00:00','2019-12-30 00:00:00',55,21),(124,'2019-12-01 00:00:00','2019-12-30 00:00:00',555,24),(123,'2019-11-01 00:00:00','2019-12-01 00:00:00',555,24),(122,'2019-10-01 00:00:00','2019-10-30 00:00:00',111,24),(121,'2019-09-01 00:00:00','2019-09-30 00:00:00',15,24),(120,'2019-08-01 00:00:00','2019-08-30 00:00:00',120,24),(119,'2019-07-01 00:00:00','2019-07-31 00:00:00',150,24),(118,'2019-06-01 00:00:00','2019-06-30 00:00:00',100,24),(117,'2019-05-01 00:00:00','2019-05-31 00:00:00',100,24),(116,'2019-04-01 00:00:00','2019-04-30 00:00:00',150,24),(115,'2019-03-01 00:00:00','2019-03-31 00:00:00',150,24),(114,'2019-02-01 00:00:00','2019-02-28 00:00:00',150,24),(113,'2019-01-01 00:00:00','2019-01-31 00:00:00',100,24),(148,'2019-12-01 00:00:00','2019-12-30 00:00:00',111,26),(147,'2019-11-01 00:00:00','2019-12-01 00:00:00',111,26),(146,'2019-10-01 00:00:00','2019-10-30 00:00:00',111,26),(145,'2019-09-01 00:00:00','2019-09-30 00:00:00',111,26),(144,'2019-08-01 00:00:00','2019-08-30 00:00:00',111,26),(143,'2019-07-01 00:00:00','2019-07-31 00:00:00',111,26),(142,'2019-06-01 00:00:00','2019-06-30 00:00:00',111,26),(141,'2019-05-01 00:00:00','2019-05-31 00:00:00',111,26),(140,'2019-04-01 00:00:00','2019-04-30 00:00:00',111,26),(139,'2019-03-01 00:00:00','2019-03-31 00:00:00',111,26),(138,'2019-02-01 00:00:00','2019-02-28 00:00:00',111,26),(137,'2019-01-01 00:00:00','2019-01-31 00:00:00',111,26),(149,'2019-01-01 00:00:00','2019-01-31 00:00:00',55,27),(150,'2019-02-01 00:00:00','2019-02-28 00:00:00',55,27),(151,'2019-03-01 00:00:00','2019-03-31 00:00:00',55,27),(152,'2019-04-01 00:00:00','2019-04-30 00:00:00',55,27),(153,'2019-05-01 00:00:00','2019-05-31 00:00:00',55,27),(154,'2019-06-01 00:00:00','2019-06-30 00:00:00',55,27),(155,'2019-07-01 00:00:00','2019-07-31 00:00:00',44,27),(156,'2019-08-01 00:00:00','2019-08-30 00:00:00',4,27),(157,'2019-09-01 00:00:00','2019-09-30 00:00:00',44,27),(158,'2019-10-01 00:00:00','2019-10-30 00:00:00',44,27),(159,'2019-11-01 00:00:00','2019-12-01 00:00:00',44,27),(160,'2019-12-01 00:00:00','2019-12-30 00:00:00',44,27);
/*!40000 ALTER TABLE `priceofroom` ENABLE KEYS */;
UNLOCK TABLES;

--
-- Table structure for table `prijatelji1`
--

DROP TABLE IF EXISTS `prijatelji1`;
/*!40101 SET @saved_cs_client     = @@character_set_client */;
/*!40101 SET character_set_client = utf8 */;
CREATE TABLE `prijatelji1` (
  `id_prijatelja2` bigint(20) NOT NULL,
  `id_prijatelja1` bigint(20) NOT NULL,
  `prihvaceno` bit(1) DEFAULT NULL,
  PRIMARY KEY (`id_prijatelja2`,`id_prijatelja1`),
  KEY `FK6w3orgbubj7es1dwdnd6nhxfb` (`id_prijatelja1`)
) ENGINE=MyISAM DEFAULT CHARSET=utf8;
/*!40101 SET character_set_client = @saved_cs_client */;

--
-- Dumping data for table `prijatelji1`
--

LOCK TABLES `prijatelji1` WRITE;
/*!40000 ALTER TABLE `prijatelji1` DISABLE KEYS */;
INSERT INTO `prijatelji1` VALUES (5,1,''),(5,6,''),(6,1,''),(12,1,'\0');
/*!40000 ALTER TABLE `prijatelji1` ENABLE KEYS */;
UNLOCK TABLES;

--
-- Table structure for table `rentacar_service`
--

DROP TABLE IF EXISTS `rentacar_service`;
/*!40101 SET @saved_cs_client     = @@character_set_client */;
/*!40101 SET character_set_client = utf8 */;
CREATE TABLE `rentacar_service` (
  `rentacarid` bigint(20) NOT NULL AUTO_INCREMENT,
  `rentacaraddress` varchar(255) NOT NULL,
  `rentacarname` varchar(255) DEFAULT NULL,
  `rentacarpromo` varchar(255) NOT NULL,
  `admin` bigint(20) DEFAULT NULL,
  PRIMARY KEY (`rentacarid`),
  KEY `FKp2yy12tr11plefgdvh5kj2pnc` (`admin`)
) ENGINE=MyISAM DEFAULT CHARSET=utf8;
/*!40101 SET character_set_client = @saved_cs_client */;

--
-- Dumping data for table `rentacar_service`
--

LOCK TABLES `rentacar_service` WRITE;
/*!40000 ALTER TABLE `rentacar_service` DISABLE KEYS */;
/*!40000 ALTER TABLE `rentacar_service` ENABLE KEYS */;
UNLOCK TABLES;

--
-- Table structure for table `reservation_seat`
--

DROP TABLE IF EXISTS `reservation_seat`;
/*!40101 SET @saved_cs_client     = @@character_set_client */;
/*!40101 SET character_set_client = utf8 */;
CREATE TABLE `reservation_seat` (
  `reservation_id` bigint(20) NOT NULL,
  `seat_id` bigint(20) NOT NULL,
  KEY `FKirvw3yrtxv50rxvj4v9r1436j` (`seat_id`),
  KEY `FK1k2q3m3wkj9d9ojpp9w4lpa8w` (`reservation_id`)
) ENGINE=MyISAM DEFAULT CHARSET=utf8;
/*!40101 SET character_set_client = @saved_cs_client */;

--
-- Dumping data for table `reservation_seat`
--

LOCK TABLES `reservation_seat` WRITE;
/*!40000 ALTER TABLE `reservation_seat` DISABLE KEYS */;
INSERT INTO `reservation_seat` VALUES (5,313),(5,464),(6,314),(6,465),(7,323),(7,471),(8,324),(8,472),(9,315),(10,378),(10,490),(11,373),(11,506),(12,336),(13,292),(14,285),(14,515),(15,288),(15,524),(16,287),(16,517),(17,287),(17,517),(18,375),(18,508),(19,377),(19,510),(20,308),(20,462),(21,376),(21,495),(22,533),(23,514),(24,528),(25,516),(26,522),(27,286),(28,289),(29,284),(30,283),(31,290),(32,316),(32,466),(34,633),(35,634),(36,693),(37,465),(38,764),(39,695),(47,338),(48,337),(48,494),(49,339),(49,496),(50,573),(51,574),(52,899),(53,900),(54,936),(55,935),(56,940),(57,575),(58,578),(60,589),(61,590),(62,791),(63,799),(65,792);
/*!40000 ALTER TABLE `reservation_seat` ENABLE KEYS */;
UNLOCK TABLES;

--
-- Table structure for table `room`
--

DROP TABLE IF EXISTS `room`;
/*!40101 SET @saved_cs_client     = @@character_set_client */;
/*!40101 SET character_set_client = utf8 */;
CREATE TABLE `room` (
  `roomid` bigint(20) NOT NULL AUTO_INCREMENT,
  `balcony` bit(1) DEFAULT NULL,
  `roomdescription` varchar(255) DEFAULT NULL,
  `numofbeds` int(11) DEFAULT NULL,
  `hotelid` bigint(20) DEFAULT NULL,
  `version` int(11) DEFAULT NULL,
  PRIMARY KEY (`roomid`),
  KEY `FK7bt2oc7b3h1cqba9crblkx1c4` (`hotelid`)
) ENGINE=MyISAM AUTO_INCREMENT=28 DEFAULT CHARSET=utf8;
/*!40101 SET character_set_client = @saved_cs_client */;

--
-- Dumping data for table `room`
--

LOCK TABLES `room` WRITE;
/*!40000 ALTER TABLE `room` DISABLE KEYS */;
INSERT INTO `room` VALUES (1,'\0','Small room for one person.',1,1,0),(2,'','Apartmen for maximum 4',4,1,0),(3,'\0','Incredible view over the city.',2,1,0),(4,'','Dazzling kitchen.',1,1,0),(5,'','TV and kitchen with big bed',1,1,0),(6,'','Some description',3,1,0),(7,'\0','Another description',2,1,0),(8,'','Description',1,1,0),(9,'\0','ASDlmkasd',2,2,0),(10,'\0','Rolay apartment',1,2,0),(11,'\0','Smart home',2,2,0),(12,'','Moving walls',3,2,0),(13,'','Big kitchen and bathroom.',1,3,0),(14,'','Big tv',2,3,0),(17,'','5th floor apartamant with an exceptional view.',2,1,0),(18,'','asdasd',2,7,0),(19,'','Million dollar view.',2,2,0),(21,'','Room',2,9,0),(24,'','Enjoying an enviable city center location',2,8,0),(26,'','Perfect for business, a conference or a sightseeing trip!',3,8,0),(27,'','Plenty of room at the Hotel California',2,10,0);
/*!40000 ALTER TABLE `room` ENABLE KEYS */;
UNLOCK TABLES;

--
-- Table structure for table `room_service`
--

DROP TABLE IF EXISTS `room_service`;
/*!40101 SET @saved_cs_client     = @@character_set_client */;
/*!40101 SET character_set_client = utf8 */;
CREATE TABLE `room_service` (
  `room_id` bigint(20) NOT NULL,
  `service_id` bigint(20) NOT NULL,
  KEY `FK36foh8tuby7k8exnpy5q86ah` (`service_id`),
  KEY `FK3jb3uo6oi9pyw63s0ulnlss32` (`room_id`)
) ENGINE=MyISAM DEFAULT CHARSET=utf8;
/*!40101 SET character_set_client = @saved_cs_client */;

--
-- Dumping data for table `room_service`
--

LOCK TABLES `room_service` WRITE;
/*!40000 ALTER TABLE `room_service` DISABLE KEYS */;
INSERT INTO `room_service` VALUES (8,3),(8,2),(8,1),(7,2),(7,1),(6,2),(5,3),(5,1),(4,2),(4,1),(26,8),(27,15);
/*!40000 ALTER TABLE `room_service` ENABLE KEYS */;
UNLOCK TABLES;

--
-- Table structure for table `users`
--

DROP TABLE IF EXISTS `users`;
/*!40101 SET @saved_cs_client     = @@character_set_client */;
/*!40101 SET character_set_client = utf8 */;
CREATE TABLE `users` (
  `userid` bigint(20) NOT NULL AUTO_INCREMENT,
  `city` varchar(255) DEFAULT NULL,
  `email` varchar(255) DEFAULT NULL,
  `enabled` bit(1) DEFAULT NULL,
  `lastname` varchar(255) DEFAULT NULL,
  `name` varchar(255) DEFAULT NULL,
  `password` varchar(255) DEFAULT NULL,
  `password_changed` bit(1) DEFAULT NULL,
  `role` varchar(255) DEFAULT NULL,
  `username` varchar(255) DEFAULT NULL,
  `verification_token` varchar(255) DEFAULT NULL,
  `phonenumber` varchar(255) DEFAULT NULL,
  PRIMARY KEY (`userid`)
) ENGINE=MyISAM AUTO_INCREMENT=16 DEFAULT CHARSET=utf8;
/*!40101 SET character_set_client = @saved_cs_client */;

--
-- Dumping data for table `users`
--

LOCK TABLES `users` WRITE;
/*!40000 ALTER TABLE `users` DISABLE KEYS */;
INSERT INTO `users` VALUES (1,'Novi Sad','nikolaskrobonja50@gmail.com','','Skrobonja','Nikola','$2a$10$1b6IT/zGy.uxnP6vWF0YvujCWP7xMUjeLMJD6dEEPhTQqZp4Jeb5u','\0','User','nikolaUser','0f2d8180-4e02-4eb5-9e0c-65998c259dfe',NULL),(2,'Novi Sad','nikolaskrobonja@hotmail.com','','Skrobonja','Nikola','$2a$10$.f5ZipNesffWffCyUMFlnOJ0BHFFV0WAzxkClS7DhCKpHgD5s/8XO','','AvioAdmin','nikolaAvion',NULL,NULL),(3,'Novi Sad','nikola_skrobonja@yahoo.com','','Skrobonja','Nikola','$2a$10$vj3r7Ut22p7yejwgLdYg9ODFfFhXpIccLB2aE3DsWy8ExEHs6kZ/W','','AvioAdmin','nikolaAdmin',NULL,NULL),(4,'Novi Sad',NULL,'','Skrobonja','Nikola','$2a$10$ob6BFwB46me5qLLx.yfmF.VrvTLL0jij7EwuLj8k2tF6NJ8rb4KJm','','HotelAdmin','nikolaHotel',NULL,NULL),(5,'Novi Sad','neven95jovic@gmail.com','','Jovic','Neven','$2a$10$1b6IT/zGy.uxnP6vWF0YvujCWP7xMUjeLMJD6dEEPhTQqZp4Jeb5u','\0','User','nevenUser',NULL,NULL),(6,'Novi Sad','nikolaskrobonja@hotmail.com','','Marko','Markic','$2a$10$1b6IT/zGy.uxnP6vWF0YvujCWP7xMUjeLMJD6dEEPhTQqZp4Jeb5u','\0','User','markic',NULL,NULL),(7,'Novi Sad',NULL,'','Skrobonja','Nikola','$2a$10$1b6IT/zGy.uxnP6vWF0YvujCWP7xMUjeLMJD6dEEPhTQqZp4Jeb5u','\0','SysAdmin','nikolaSys',NULL,NULL),(8,NULL,'haha@ha.ha','',NULL,NULL,'$2a$10$/P/KL7/q3QhQGUrlEbtpH.OWDIXm2OVwc3QX0uOm1R4exe8YSWTNe','\0','AvioAdmin','noviAvio',NULL,NULL),(10,NULL,'mail@ma.com','',NULL,NULL,'$2a$10$lkxVglnouw4XQrjv/tCYKOrxy7Rud57CJ3WmuK9mE371Rx8zmPbHS','','HotelAdmin','hotelUser',NULL,NULL),(11,NULL,'cenejairlines@mail.com','',NULL,NULL,'$2a$10$c/kArCtVFtE92fVxhCFK.uUSlkuUCLAesHwzumbtSvYpAxPXnthOW','','AvioAdmin','cenejAdmin',NULL,NULL),(12,'Novi Sad','zak.newus@yahoo.com','','Jovic','Neven','$2a$10$bH5JYbsPMYq9MWqwgkwuN.8ipd4sln/TAuNLY1DP3XjzwVj9tZM2.','\0','User','neven95','49c3d29b-7e82-4d97-b7ec-30614ac2329d',NULL),(13,NULL,'hiltonAdmin@mail.com','',NULL,NULL,'$2a$10$3a66UTz/v3UblnkxtMUUVuZ1/XK2rlHAregBo5nbTzoEJR6q3gQOa','','HotelAdmin','hiltonAdmin',NULL,NULL),(14,NULL,'m@mai.com','',NULL,NULL,'$2a$10$HiZQkxXxAL.BAMRAWrcvl.Cgwq8zq2VbOKd.S0QSjilWy.qtJbsES','','HotelAdmin','parisAdmin',NULL,NULL),(15,NULL,'hehh@afs.com','',NULL,NULL,'$2a$10$cp/OMuq56o6K5hGx315GQOQ61Gu8P1VqI7is9XQEvO.9g5XXJjixG','','HotelAdmin','nekiHotelcicAdmin2',NULL,NULL);
/*!40000 ALTER TABLE `users` ENABLE KEYS */;
UNLOCK TABLES;

--
-- Table structure for table `vehicles`
--

DROP TABLE IF EXISTS `vehicles`;
/*!40101 SET @saved_cs_client     = @@character_set_client */;
/*!40101 SET character_set_client = utf8 */;
CREATE TABLE `vehicles` (
  `vehicleid` bigint(20) NOT NULL AUTO_INCREMENT,
  `model` varchar(255) DEFAULT NULL,
  `registration_plate` varchar(255) NOT NULL,
  `rentacarid` bigint(20) DEFAULT NULL,
  PRIMARY KEY (`vehicleid`),
  KEY `FKo0txmum02p85p166nylhyn0sb` (`rentacarid`)
) ENGINE=MyISAM DEFAULT CHARSET=utf8;
/*!40101 SET character_set_client = @saved_cs_client */;

--
-- Dumping data for table `vehicles`
--

LOCK TABLES `vehicles` WRITE;
/*!40000 ALTER TABLE `vehicles` DISABLE KEYS */;
/*!40000 ALTER TABLE `vehicles` ENABLE KEYS */;
UNLOCK TABLES;
/*!40103 SET TIME_ZONE=@OLD_TIME_ZONE */;

/*!40101 SET SQL_MODE=@OLD_SQL_MODE */;
/*!40014 SET FOREIGN_KEY_CHECKS=@OLD_FOREIGN_KEY_CHECKS */;
/*!40014 SET UNIQUE_CHECKS=@OLD_UNIQUE_CHECKS */;
/*!40101 SET CHARACTER_SET_CLIENT=@OLD_CHARACTER_SET_CLIENT */;
/*!40101 SET CHARACTER_SET_RESULTS=@OLD_CHARACTER_SET_RESULTS */;
/*!40101 SET COLLATION_CONNECTION=@OLD_COLLATION_CONNECTION */;
/*!40111 SET SQL_NOTES=@OLD_SQL_NOTES */;

-- Dump completed on 2019-09-27 22:31:24
